name,pairs,avg source length,avg target length,source vocabulary size,target vocabulary size,source punctuation rate,target punctuation rate
preferred-en2es.jsonl,43185,1.483454903322913,1.4456640037049902,22528,24355,0.010907584683357879,0.0009752198241406875
snomed.jsonl,21778,5.078795114335568,6.382404261181009,24364,24835,0.19633026188519523,0.17197322328326695
orphanet-definitions-tr.jsonl,6323,48.54768306183774,57.15119405345564,27889,29368,0.1584888337536786,0.1337096341953638
khresmoi-tr.jsonl,1000,19.23,21.892,5394,5729,0.0975335798193476,0.08039947966933826
medline.jsonl,13068,12.15993265993266,13.747015610651975,19668,22893,0.1426864064602961,0.12495369016281564
orphanet-terms.jsonl,10839,4.298736045760679,5.177045852938463,9977,9768,0.03562435500515996,0.024493052784957243
pubmed-tr.jsonl,6650,22.834436090225562,26.7196992481203,26220,29694,0.13339199899430296,0.11818186337132716
clinspen-tr.jsonl,14268,5.1745864872441825,5.855340622371741,15947,15081,0.10205243772414462,0.09052682034075558
